class,rank,feature,weight
ACCOUNTANT,1,accountant,3.476377120704438
ACCOUNTANT,2,accounting,1.1416265654522137
ACCOUNTANT,3,reconciliations,0.9616923382977293
ACCOUNTANT,4,entries,0.7262333474501682
ACCOUNTANT,5,reconciled,0.7207291259100912
ACCOUNTANT,6,closing,0.6921300033525496
ACCOUNTANT,7,bank,0.6150419763131604
ACCOUNTANT,8,account,0.5517381481693693
ACCOUNTANT,9,reconciling,0.5380726586945924
ACCOUNTANT,10,processes,0.5333331718408741
ACCOUNTANT,11,reconcile,0.5313497219474324
ACCOUNTANT,12,payable,0.5179180005485158
ACCOUNTANT,13,gl,0.4838701371754573
ACCOUNTANT,14,journal,0.4807140367392835
ACCOUNTANT,15,general,0.476736472867074
ADVOCATE,1,advocate,4.295265423028025
ADVOCATE,2,child,0.7116563234131328
ADVOCATE,3,advocacy,0.6989973301700142
ADVOCATE,4,court,0.6125602661385182
ADVOCATE,5,case,0.5511762064225754
ADVOCATE,6,behavior,0.5214663272768095
ADVOCATE,7,violence,0.5143494712032491
ADVOCATE,8,credentialing,0.5023332527682621
ADVOCATE,9,individuals,0.4966621479311004
ADVOCATE,10,billing,0.4951479607639618
ADVOCATE,11,blood,0.49184121478644843
ADVOCATE,12,shelter,0.4855590619003329
ADVOCATE,13,families,0.4829552857775955
ADVOCATE,14,entry,0.4694734114570018
ADVOCATE,15,obtain,0.4612487637925624
AGRICULTURE,1,agriculture,2.5207101861636567
AGRICULTURE,2,agricultural,1.0427249046232467
AGRICULTURE,3,extension,0.7594414020316876
AGRICULTURE,4,microbial,0.6600744673526757
AGRICULTURE,5,therapeutic,0.6249468509321008
AGRICULTURE,6,environmental,0.5676180579029003
AGRICULTURE,7,natural,0.5669013516257543
AGRICULTURE,8,molecular,0.5599518667172684
AGRICULTURE,9,adult,0.527317865530693
AGRICULTURE,10,grant,0.5232745233946425
AGRICULTURE,11,dna,0.5227516209136408
AGRICULTURE,12,conservation,0.5053597602111727
AGRICULTURE,13,soil,0.4939833741578237
AGRICULTURE,14,farm,0.49175689291110924
AGRICULTURE,15,farmers,0.48446540092578727
APPAREL,1,apparel,3.0056804423066987
APPAREL,2,merchandising,1.4901018062841163
APPAREL,3,fashion,0.8791765941559733
APPAREL,4,stylist,0.8217433037449694
APPAREL,5,store,0.7983181360966416
APPAREL,6,merchandise,0.7980134527072159
APPAREL,7,warehouse,0.7776172242512156
APPAREL,8,cashier,0.6873251539138103
APPAREL,9,stylists,0.6346858117908261
APPAREL,10,buyer,0.6182383324947947
APPAREL,11,payroll,0.5904074984201744
APPAREL,12,floor,0.5500991377243442
APPAREL,13,assistant,0.5425522495910485
APPAREL,14,holder,0.5261761473390076
APPAREL,15,million,0.5122837766690497
ARTS,1,arts,2.0704547679764014
ARTS,2,martial,1.0775724863619054
ARTS,3,language,0.8574253188113939
ARTS,4,art,0.7690392199177383
ARTS,5,theater,0.7129324108111503
ARTS,6,english,0.6438969289009349
ARTS,7,middle,0.6229242462912892
ARTS,8,helping,0.5997224959732446
ARTS,9,parents,0.5849422575325005
ARTS,10,music,0.5802651300441769
ARTS,11,effectiveness,0.5712514037402079
ARTS,12,dental,0.5687668750863931
ARTS,13,always,0.5397091995136176
ARTS,14,creative,0.5293102511636213
ARTS,15,michael,0.5192181107189321
AUTOMOBILE,1,automobile,1.1848620772944827
AUTOMOBILE,2,police,0.7769017322787046
AUTOMOBILE,3,property,0.6006402879064391
AUTOMOBILE,4,responded,0.6002052031723207
AUTOMOBILE,5,aaa,0.5777809580580046
AUTOMOBILE,6,conversion,0.5695420639475616
AUTOMOBILE,7,inquiries,0.5656299083481369
AUTOMOBILE,8,processed,0.5563077199586888
AUTOMOBILE,9,call,0.5395889842971135
AUTOMOBILE,10,perform,0.5087973748231196
AUTOMOBILE,11,balance,0.5041004396113855
AUTOMOBILE,12,auto,0.5005558075242955
AUTOMOBILE,13,datastage,0.49890854930195655
AUTOMOBILE,14,informatica,0.4961620838251222
AUTOMOBILE,15,jan,0.49528767071923585
AVIATION,1,aviation,3.338979699118042
AVIATION,2,aircraft,2.328220270922761
AVIATION,3,flight,1.456150026855456
AVIATION,4,navy,0.9058279037080148
AVIATION,5,ammunition,0.6369867554066345
AVIATION,6,military,0.5843412012969788
AVIATION,7,faa,0.5586543064803154
AVIATION,8,travel,0.5300561741306558
AVIATION,9,pilots,0.523587591075705
AVIATION,10,brigade,0.5094108477566024
AVIATION,11,lean,0.5036135988209189
AVIATION,12,mechanic,0.5018463180290773
AVIATION,13,maintenance,0.4979949426493688
AVIATION,14,supply,0.473330433581801
AVIATION,15,fuel,0.4714181727106377
BANKING,1,banking,2.63886458169394
BANKING,2,bank,1.1092964518577464
BANKING,3,loans,0.9882482180713698
BANKING,4,financial,0.871921455452519
BANKING,5,lending,0.7743678242397495
BANKING,6,loan,0.7357160847001825
BANKING,7,risk,0.6889460101412358
BANKING,8,partners,0.6623933846109215
BANKING,9,portfolio,0.6469263231776966
BANKING,10,chinese,0.6086149329584034
BANKING,11,compliance,0.5977455035565277
BANKING,12,consumer,0.5896491256708837
BANKING,13,billion,0.5672484739755734
BANKING,14,deposits,0.5655061829954872
BANKING,15,commercial,0.5587945831040041
BPO,1,bpo,1.4954398485044527
BPO,2,escalations,0.5225074859644655
BPO,3,aetna,0.492804275970099
BPO,4,keep,0.4480774254798006
BPO,5,sanjay,0.4476100554112943
BPO,6,call,0.43733739503814184
BPO,7,agents,0.43130479614152223
BPO,8,trader,0.42862515153966724
BPO,9,chennai,0.4281277917418014
BPO,10,ans,0.4230010254735631
BPO,11,queries,0.41171869666123184
BPO,12,analyst,0.3995607381115673
BPO,13,bridging,0.3980955619032947
BPO,14,bps,0.385947430410436
BPO,15,refinance,0.3807075585141551
BUSINESS-DEVELOPMENT,1,development,1.6476341605896465
BUSINESS-DEVELOPMENT,2,business,1.2716508023521818
BUSINESS-DEVELOPMENT,3,opportunities,0.9470494398344536
BUSINESS-DEVELOPMENT,4,territory,0.7766809604847318
BUSINESS-DEVELOPMENT,5,marketing,0.7528832048882204
BUSINESS-DEVELOPMENT,6,decision,0.7367390481713525
BUSINESS-DEVELOPMENT,7,sales,0.7047030938297654
BUSINESS-DEVELOPMENT,8,makers,0.7005069733716013
BUSINESS-DEVELOPMENT,9,market,0.6972357951959295
BUSINESS-DEVELOPMENT,10,industry,0.6906882191796665
BUSINESS-DEVELOPMENT,11,networking,0.6529627180349906
BUSINESS-DEVELOPMENT,12,director,0.6148344957160868
BUSINESS-DEVELOPMENT,13,contract,0.6114255908173426
BUSINESS-DEVELOPMENT,14,outbound,0.5994996524757734
BUSINESS-DEVELOPMENT,15,making,0.5738761575985075
CHEF,1,chef,3.0068175932568995
CHEF,2,kitchen,1.272706092000915
CHEF,3,culinary,1.140590488866888
CHEF,4,food,0.9734854877757531
CHEF,5,cooking,0.8780792572944426
CHEF,6,recipes,0.7428660370545971
CHEF,7,cook,0.6554604931192866
CHEF,8,menu,0.6465232933573977
CHEF,9,sous,0.5934487986868219
CHEF,10,menus,0.5500543416979999
CHEF,11,sushi,0.5207789673800789
CHEF,12,catering,0.5003889042668319
CHEF,13,banquet,0.4700047691967057
CHEF,14,restaurant,0.4329908063271359
CHEF,15,courses,0.426384793826956
CONSTRUCTION,1,construction,3.5896818609214507
CONSTRUCTION,2,residential,0.8289647049238782
CONSTRUCTION,3,contractor,0.708792957557142
CONSTRUCTION,4,inspections,0.706647819160374
CONSTRUCTION,5,site,0.7008976194335519
CONSTRUCTION,6,contractors,0.6287769100486172
CONSTRUCTION,7,subcontractors,0.6047583768529117
CONSTRUCTION,8,worker,0.5963307792283028
CONSTRUCTION,9,job,0.553859977354967
CONSTRUCTION,10,permits,0.5505817314336671
CONSTRUCTION,11,closeout,0.5439184935527787
CONSTRUCTION,12,concrete,0.5381543975784141
CONSTRUCTION,13,sites,0.5343684149986633
CONSTRUCTION,14,projects,0.5275740983737537
CONSTRUCTION,15,budgeting,0.4579682725564616
CONSULTANT,1,consultant,3.884023047104126
CONSULTANT,2,consulting,0.9573233256024832
CONSULTANT,3,windows,0.6166630079106719
CONSULTANT,4,models,0.588461000773575
CONSULTANT,5,architect,0.5514868768744522
CONSULTANT,6,citrix,0.5478979299408024
CONSULTANT,7,costs,0.5143127935526564
CONSULTANT,8,engagements,0.4943083462208581
CONSULTANT,9,oil,0.47873194659076224
CONSULTANT,10,illinois,0.4671325092668137
CONSULTANT,11,module,0.4650058492650012
CONSULTANT,12,co2,0.4621608639636274
CONSULTANT,13,principal,0.45917946056891795
CONSULTANT,14,environments,0.45048630151728236
CONSULTANT,15,troubleshoot,0.4492260611629107
DESIGNER,1,designer,4.246786856890869
DESIGNER,2,graphic,1.192382658075046
DESIGNER,3,design,1.0390465313589436
DESIGNER,4,designing,0.8675193514254053
DESIGNER,5,floral,0.867481715012525
DESIGNER,6,designs,0.7690140679264416
DESIGNER,7,interior,0.7065641384989818
DESIGNER,8,drawings,0.6916583109498902
DESIGNER,9,3d,0.6782480792083228
DESIGNER,10,sketching,0.6334913773989678
DESIGNER,11,adobe,0.6150180490214694
DESIGNER,12,autocad,0.586379876689711
DESIGNER,13,illustrator,0.5309559709696517
DESIGNER,14,instructional,0.4882551241126025
DESIGNER,15,furniture,0.4800083234160783
DIGITAL-MEDIA,1,digital,2.5018424413724727
DIGITAL-MEDIA,2,media,1.6843885788736308
DIGITAL-MEDIA,3,social,0.7295408418498686
DIGITAL-MEDIA,4,instagram,0.6773925035601758
DIGITAL-MEDIA,5,across,0.6521342985436986
DIGITAL-MEDIA,6,search,0.6248853202710668
DIGITAL-MEDIA,7,optimization,0.6206429358443447
DIGITAL-MEDIA,8,facebook,0.6103406441110303
DIGITAL-MEDIA,9,video,0.6048813953370747
DIGITAL-MEDIA,10,strategy,0.6023670962261612
DIGITAL-MEDIA,11,pro,0.5925367315523556
DIGITAL-MEDIA,12,pinterest,0.5703797203856966
DIGITAL-MEDIA,13,analytics,0.5669559891773502
DIGITAL-MEDIA,14,pages,0.5546865283764246
DIGITAL-MEDIA,15,twitter,0.5410357283314775
ENGINEERING,1,engineering,3.1756357577436156
ENGINEERING,2,electrical,0.7636408830736695
ENGINEERING,3,engineer,0.7625840064460836
ENGINEERING,4,manufacturing,0.6649981292389965
ENGINEERING,5,automation,0.6552388856368597
ENGINEERING,6,technician,0.6472433624598714
ENGINEERING,7,mechanical,0.6248308709006355
ENGINEERING,8,engineers,0.578405150595158
ENGINEERING,9,autocad,0.5656887949867639
ENGINEERING,10,preventive,0.5234453705861108
ENGINEERING,11,drafting,0.5190904308745095
ENGINEERING,12,electronics,0.5153320892496523
ENGINEERING,13,physics,0.5055459123567616
ENGINEERING,14,intern,0.492798216081424
ENGINEERING,15,fabrication,0.48984960395610716
FINANCE,1,finance,3.7040044927430684
FINANCE,2,financial,0.9574237990041776
FINANCE,3,accounting,0.9201278684133631
FINANCE,4,audit,0.7091447323189096
FINANCE,5,director,0.7001497053222355
FINANCE,6,dealership,0.672374167085987
FINANCE,7,forecasting,0.6649463449957639
FINANCE,8,expenditure,0.6097368879160494
FINANCE,9,vehicle,0.5620488202352861
FINANCE,10,budgets,0.5297070506210172
FINANCE,11,adp,0.503082669727719
FINANCE,12,payroll,0.5004872195439871
FINANCE,13,birth,0.47779058718736866
FINANCE,14,financing,0.4744652498753281
FINANCE,15,filing,0.46588646320780963
FITNESS,1,fitness,3.922153171789305
FITNESS,2,exercise,1.2781935278516683
FITNESS,3,gym,1.0936839804528131
FITNESS,4,club,0.9488298983311073
FITNESS,5,instructor,0.9069314208876692
FITNESS,6,members,0.7999604521159943
FITNESS,7,facility,0.7821625326094417
FITNESS,8,nutrition,0.7156236320768139
FITNESS,9,memberships,0.6586695539922369
FITNESS,10,trainer,0.61278790152299
FITNESS,11,classes,0.5711177694160597
FITNESS,12,wellness,0.5534250870462103
FITNESS,13,sports,0.5222979388040466
FITNESS,14,coaches,0.4834639782485705
FITNESS,15,tours,0.4641668420176644
HEALTHCARE,1,healthcare,3.8865643961680676
HEALTHCARE,2,medical,0.9253376536567662
HEALTHCARE,3,care,0.8564815364597488
HEALTHCARE,4,medicine,0.7373653976118827
HEALTHCARE,5,medicare,0.591355819738183
HEALTHCARE,6,clinic,0.5879627631209504
HEALTHCARE,7,recruiter,0.5724243423645883
HEALTHCARE,8,home,0.5243977919993185
HEALTHCARE,9,services,0.5230277562383292
HEALTHCARE,10,candidate,0.5221825248344256
HEALTHCARE,11,cms,0.520840024213509
HEALTHCARE,12,patient,0.5153236409972128
HEALTHCARE,13,physician,0.47073135198942967
HEALTHCARE,14,health,0.4635103565739404
HEALTHCARE,15,suite,0.46043842283116
HR,1,hr,3.261467707145536
HR,2,employee,1.1560433790001095
HR,3,human,0.887372069603729
HR,4,compensation,0.8260853439994349
HR,5,leave,0.7294001309914445
HR,6,shrm,0.6344684407940205
HR,7,hris,0.6202719372179013
HR,8,generalist,0.6082285559233477
HR,9,resources,0.5770961150066828
HR,10,boarding,0.5646801558234137
HR,11,payroll,0.5458257497056723
HR,12,unemployment,0.523551367517946
HR,13,recruitment,0.5082823444839614
HR,14,employees,0.4908864805906437
HR,15,salary,0.47176995151266465
INFORMATION-TECHNOLOGY,1,technology,2.209680251100188
INFORMATION-TECHNOLOGY,2,information,1.25337210399121
INFORMATION-TECHNOLOGY,3,it,1.0690594899234218
INFORMATION-TECHNOLOGY,4,security,0.9199357820583991
INFORMATION-TECHNOLOGY,5,infrastructure,0.8758461362518958
INFORMATION-TECHNOLOGY,6,hardware,0.7821166495907685
INFORMATION-TECHNOLOGY,7,upgrade,0.773084802035782
INFORMATION-TECHNOLOGY,8,network,0.7576753465327455
INFORMATION-TECHNOLOGY,9,sharepoint,0.6983738855830677
INFORMATION-TECHNOLOGY,10,sql,0.6703944790378809
INFORMATION-TECHNOLOGY,11,disaster,0.6505307015297782
INFORMATION-TECHNOLOGY,12,comptia,0.6268891434006312
INFORMATION-TECHNOLOGY,13,desk,0.6257848963683779
INFORMATION-TECHNOLOGY,14,imaging,0.564931963228733
INFORMATION-TECHNOLOGY,15,army,0.5530528274260008
PUBLIC-RELATIONS,1,public,1.8758660897519481
PUBLIC-RELATIONS,2,relations,1.772552598843154
PUBLIC-RELATIONS,3,press,1.7149461307992535
PUBLIC-RELATIONS,4,releases,1.2669048527430287
PUBLIC-RELATIONS,5,pr,0.9699599389447829
PUBLIC-RELATIONS,6,events,0.9170079065182943
PUBLIC-RELATIONS,7,communications,0.7591859786511879
PUBLIC-RELATIONS,8,media,0.6447917191302633
PUBLIC-RELATIONS,9,crisis,0.6361431374451753
PUBLIC-RELATIONS,10,stories,0.6131368869133687
PUBLIC-RELATIONS,11,newsletter,0.598219003159165
PUBLIC-RELATIONS,12,brochures,0.5707043924741532
PUBLIC-RELATIONS,13,photo,0.5580259326763751
PUBLIC-RELATIONS,14,corporate,0.5536230932868506
PUBLIC-RELATIONS,15,copywriting,0.5437987227737869
SALES,1,sales,2.328606815303747
SALES,2,associate,1.0757082106572817
SALES,3,customers,0.7380890826648173
SALES,4,2016,0.6674351915137348
SALES,5,products,0.5810466218124448
SALES,6,conditions,0.568693187211278
SALES,7,shoplifters,0.5639281758605617
SALES,8,dependable,0.5527701967558685
SALES,9,calls,0.5121810341421068
SALES,10,merchandising,0.5002518282033098
SALES,11,ads,0.47949316194623326
SALES,12,friendly,0.47762727222719686
SALES,13,run,0.4664484479671431
SALES,14,1985,0.45630037630284476
SALES,15,service,0.4547805244539606
TEACHER,1,teacher,2.5747484355483
TEACHER,2,classroom,1.081411384265088
TEACHER,3,teaching,0.9404080628617613
TEACHER,4,preschool,0.7941903331633445
TEACHER,5,mathematics,0.7708648200311162
TEACHER,6,lessons,0.7595459481274405
TEACHER,7,learning,0.7232945390798979
TEACHER,8,grade,0.6630559037032078
TEACHER,9,lesson,0.6250821710507013
TEACHER,10,parent,0.6236303971900007
TEACHER,11,behavior,0.5562669587250022
TEACHER,12,children,0.5550490618535054
TEACHER,13,teachers,0.5535274152059024
TEACHER,14,students,0.5276712812887927
TEACHER,15,taught,0.5197298905243467
