Category,Total,Train,Validation,Test
ACCOUNTANT,118,83,17,18
ADVOCATE,118,83,17,18
AGRICULTURE,63,44,10,9
APPAREL,97,68,15,14
ARTS,103,72,16,15
AUTOMOBILE,36,25,6,5
AVIATION,116,81,17,18
BANKING,115,81,17,17
BPO,22,15,4,3
BUSINESS-DEVELOPMENT,119,83,18,18
CHEF,118,83,17,18
CONSTRUCTION,112,78,17,17
CONSULTANT,115,80,17,18
DESIGNER,107,75,16,16
DIGITAL-MEDIA,96,67,15,14
ENGINEERING,118,83,17,18
FINANCE,117,82,17,18
FITNESS,117,82,17,18
HEALTHCARE,115,80,17,18
HR,110,77,17,16
INFORMATION-TECHNOLOGY,120,84,18,18
PUBLIC-RELATIONS,111,78,17,16
SALES,116,81,17,18
TEACHER,102,71,16,15
